{
  "AnomalyThresholds": {
    "Default":       { "AvgJitter": 30, "AvgPacketLossRate": 0.05 },
    "RegionSpecific": {
      "APAC": { "AvgJitter": 25 },
      "EMEA": { "AvgJitter": 35 }
    },
    "SessionTypeSpecific": {
      "P2P": { "AvgJitter": 20 },
      "Conf": { "AvgJitter": 30 }
    }
  },
  "Alerts": {
    "MinUniqueUPNs": 100,
    "MinAffectedSubnets": 10,
    "MinSubnetRepeatPerDay": 5,
    "MinUserRepeatPerDay": 3
  },
  "Clustering": { "KMeansClusters": 3 },
  "ForecastDays": 7
}
