[
  {
    "ReflexiveIP": "192.168.1.1",
    "AnomalyCount": 10,
    "DatesAffected": [
      "2025-06-24",
      "2025-06-25"
    ],
    "UsersAffected": 120,
    "MediaTypeAffected": {
      "Audio": 60,
      "Video": 30
    },
    "ConnectionTypeAffected": {
      "Wired": 80,
      "Wifi": 40
    },
    "HighlyAffectedSubnets": {
      "10.0.0.0/24": {
        "UsersAffected": 50,
        "MediaTypeAffected": {
          "Audio": 30,
          "Video": 20
        },
        "ConnectionTypeAffected": {
          "Wired": 35,
          "Wifi": 15
        },
        "VDI Types": {
          "VDI 1.0": 20,
          "VDI 2.0": 30
        },
        "UPNs": [
          "user1@domain.com",
          "user2@domain.com"
        ],
        "Issues": [
          {
            "Issue": "High Jitter",
            "Recommendation": "Optimize WAN or check QoS settings."
          }
        ]
      }
    },
    "MostAffectedCaptureDevices": {
      "DeviceA": 20
    },
    "MostAffectedRenderDevices": {
      "DeviceB": 15
    },
    "ConferencesWith>100Participants": 2,
    "FeedbackAnalysis": {
      "UsersWithPoorFeedback": 10,
      "FeedbackTexts": [
        "Audio issues throughout",
        "Frequent disconnects"
      ]
    },
    "Remediation": [
      "Optimize WAN or check QoS settings."
    ],
    "PriorityScore": 305.5
  }
]