{
    "jitter_threshold": 20,
    "round_trip_threshold": 200,
    "packet_loss_threshold": 0.05,
    "subnet_threshold": 20,
    "user_threshold": 50,
    "conference_user_threshold": 100,
    "device_issue_threshold": 0.3,
    "session_type_filter": "Conf",
    "recommendations": {
        "Jitter Spike": "Check for unstable network connections. Recommend moving to a wired network if on WiFi. Investigate any recent network changes or outages.",
        "Round Trip Spike": "High latency detected. Recommend checking VPN usage, routing issues, and ensuring users are connecting from optimal geographic locations.",
        "Packet Loss Spike": "Packet loss detected. Suggest inspecting firewall settings, network congestion, or potential faulty network devices.",
        "Media Failure": "Media stream failure. Review device driver updates, check system resources, and ensure compatible hardware.",
        "Device Issue": "Potential issue detected with a specific device. Recommend updating device drivers or replacing hardware.",
        "Unknown": "No specific reason detected. Review overall system health and network configuration."
    }
}
