{
  "jitter_threshold": 30,
  "round_trip_threshold": 300,
  "packet_loss_threshold": 0.05,
  "feedback_sentiment_threshold": 0.2,
  "feedback_rating_threshold": 0,
  "alert_user_count_threshold": 100,
  "alert_subnet_count_threshold": 20,
  "suggestions": {
    "High Jitter": "Optimize WAN or check QoS settings.",
    "High Round Trip": "Inspect WAN routing or investigate latency sources.",
    "High Packet Loss": "Check network stability and packet routing.",
    "Negative Feedback": "Review user feedback and investigate user-side issues."
  }
}